{"cameraMode":{"drawMode":0,"name":"Shaded","section":"Shading Mode"},"sceneLighting":false,"audioPlay":false,"sceneViewState":{"showFog":true,"showMaterialUpdate":false,"showSkybox":true,"showFlares":true,"showImageEffects":true,"showParticleSystems":true},"in2DMode":false,"pivot":{"x":0.0007387399673461914,"y":0.8034246563911438,"z":-0.22910621762275697},"rotation":{"x":-0.10431421548128128,"y":0.7537080645561218,"z":-0.12342000752687454,"w":-0.6370323896408081},"size":3.850048303604126,"orthographic":false}